id;name;age;email;phone;address;pin_code
1;Bedfordshire indigo radical;61512;Brook_Hirthe86@hotmail.com;339.821.4195;program;44861
2;Tasty Personal Loan Account cross-platform;76910;Bernhard.Swaniawski15@yahoo.com;742-941-3952;Intranet South Dakota;32528
3;generate;78088;Rachael28@yahoo.com;530.078.7253;Executive bypassing Uzbekistan Sum;362
4;functionalities Nevada;92777;Ora18@hotmail.com;(731) 776-7304 x2876;Advanced;83307
5;program Legacy;44094;Webster91@hotmail.com;1-916-126-4843 x74853;Web Pizza;48846
6;Computer;16298;Whitney.Halvorson@gmail.com;994-176-2483 x606;back up superstructure transition;58467
7;Money Market Account;72545;Sedrick53@hotmail.com;047.383.6958 x15928;Lebanese Pound white;19027
8;integrated;74950;Harmony55@gmail.com;177-534-2900 x460;calculating;60058
9;Avon;549;Jeffery_Schneider@yahoo.com;391-082-9952 x04714;Fresh architecture generating;36544
10;Generic Frozen Hat Checking Account;66185;Ahmad.OHara43@yahoo.com;022-692-5166 x6920;Strategist invoice connect;56475
